STT,nameProject_VNI,nameProject_ENG,course,difficulty_level,codeSememter,major,specialization,university,note
1,Xây dựng hệ thống quản lý sân cầu lông,,,1,232,,,UIT,
2,Tìm hiểu công nghệ Web 3.0 và ứng dụng web 3.0 vào thực tiễn,,,1,232,,,UIT,
3,Xây dựng hệ thống trợ giúp tư vấn hướng nghiệp và chọn ngành cho học sinh THPT,,,1,232,,,UIT,
4,Xây dựng mạng xã hội kết hợp chatbot cho người nuôi thú cưng,,,1,232,,,UIT,
5,Tìm hiểu Chatbot và xây dựng ứng dụng hỗ trợ tư vấn thuê bất động sản,,,1,232,,,UIT,
6,Tìm hiểu Chatbot và xây dựng ứng dụng hỗ trợ tư vấn mua bán bất động sản,,,1,232,,,UIT,
7,Nghiên cứu và thử nghiệm một số phương pháp định giá BĐS,,,1,232,,,UIT,
8,Phân tích xu hướng bất động sản bằng Machine Learning kết hợp lịch sử giá và tin tức,,,1,232,,,UIT,
9,Xây dựng hệ thống quản lý phòng trọ và gợi ý cho thuê phòng trọ.,,,1,232,,,UIT,
10,Xây dựng Ứng dụng đi chợ trực tuyến tích hợp gợi ý món ăn,,,1,232,,,UIT,
11,Xây dựng Shop quần áo online tích hợp gợi ý sản phẩm,,,1,232,,,UIT,
12,Xây dựng Ứng dụng nghe nhạc và gợi ý bài hát,,,1,232,,,UIT,
13,Tìm hiểu và phát triển ứng dụng giúp việc và cho thuê với Flutter,,,1,232,,,UIT,
14,Nghiên cứu công nghệ livestream và xây dựng ứng dụng minh hoạ,,,1,232,,,UIT,
15,Nghiên cứu công nghệ blockchain và ứng dụng vào game,,,1,232,,,UIT,
16,Nghiên cứu hệ khuyến nghị trong hệ thống thương mại điện tử,,,1,232,,,UIT,
17,Nghiên cứu hệ thống phân tán và ứng dụng minh hoạ,,,1,232,,,UIT,
18,Nghiên cứu các kĩ thuật đồng thuận trong blockchain,,,1,232,,,UIT,
19,Nghiên cứu blockchain bridge và ứng dụng,,,1,232,,,UIT,
20,Xây dựng ứng dụng Web DeFi trên Blockchain,,,1,232,,,UIT,
21,Xây dựng ứng dụng hỗ trợ học tiếng anh trên thiết bị di động có áp dụng mô hình trí tuệ nhân tạo.,,,1,232,,,UIT,
22,phát triển ứng dụng hỗ trợ học tiếng Anh kết hợp AI,,,1,232,,,UIT,
23,Sign Language Detection,,,1,232,,,UIT,
24,Phát triển ứng dụng mua đồ ăn trực tuyến kết hợp tính năng đăng bài và gợi ý người dùng,,,1,232,,,UIT,
25,Phát triển game3D tương tác và thực thể ảo AR với Unity trên môi trường Android,,,1,232,,,UIT,
26,Phát triển ứng dụng phân tích dữ liệu y khoa trong xét nghiệm máu,,,1,232,,,UIT,
27,"Tìm hiểu Thị giác máy tính vận dụng trong phát triển ứng dụng Game 3D tương tác, Thực thể ảo AR.",,,1,232,,,UIT,
28,Dự báo qua hành vi mua sắm của người tiêu dùng trong hoạt động kinh doanh hàng tiêu dùng,,,1,232,,,UIT,
29,Xây dựng hệ thống tư vấn chọn ngành Đại học cho học sinh Trung học Phổ Thông,,,1,232,,,UIT,
30,Phát triển ứng dụng hỗ trợ trẻ em tự kỷ,,,1,232,,,UIT,
31,Thiết kế Micro Front End với React Native,,,1,232,,,UIT,
32,Thiết kế hệ thống với K8s,,,1,232,,,UIT,
33,"Tìm hiểu về Flutter, clean architecture và xây dựng Ứng dụng chia sẻ công thức nấu ăn",,,1,232,,,UIT,
34,Thiết kế hệ thống với Spring Boot,,,1,232,,,UIT,
35,Phân tích hệ thống khuyến mãi (promotion) cho bán hàng đa kênh (Omnichannel),,,1,232,,,UIT,
36,Phân tích hệ thống e-catalog sản phẩm cho bán hàng đa kênh (Omnichannel),,,1,232,,,UIT,
37,Phân tích hệ thống e-shopping cart cho bán hàng đa kênh (Omnichannel),,,1,232,,,UIT,
38,Công cụ AI tốt nhất dành cho việc lập trình,,,1,232,,,UIT,
39,Dự đoán trên dữ liệu chuỗi thời gian với Transformer (Time Series Prediction with Transformers),,,1,232,,,UIT,
40,Xây dựng Chrome extension hữu ích cho sinh viên UIT,,,1,232,,,UIT,
41,Xây dựng ứng dụng Sổ tay tài chính,,,1,232,,,UIT,
42,Xây dựng ứng dụng Sổ tay mua sắm trực tuyến,,,1,232,,,UIT,
43,Tìm hiểu cách tối ưu hoá truy vấn trên Big Data,,,1,232,,,UIT,
44,Xây dựng ứng dụng tin tức sinh viên mềm,,,1,232,,,UIT,
45,Xây dựng ứng dụng mua sắm đa sàn tích hợp,,,1,232,,,UIT,
46,Xây dựng chức năng gợi ý bài hát cho web nghe nhạc trực tuyến,,,1,232,,,UIT,
47,Phát triển ứng dụng hỗ trợ lập kế hoạch lịch trình sự kiện,,,1,232,,,UIT,
48,Xây dựng ứng dụng bản đồ tai nạn giao thông ở Việt Nam,,,1,232,,,UIT,
49,Xây dựng ứng dụng nhật ký âm nhạc,,,1,232,,,UIT,
50,Tìm hiểu kỹ thuật lập trình mạng và tối ưu đường truyền,,,1,232,,,UIT,
51,Xây dựng website nghe nhạc kết hợp gợi ý và tìm kiếm giai điệu,,,1,232,,,UIT,
52,Tìm hiểu và xây dựng hệ thống truy vấn dựa trên ngữ nghĩa: Ứng dụng trong lĩnh vực pháp luật,,,1,232,,,UIT,
53,Xây dựng website nghe nhạc trực tuyến tích hợp hệ thống khuyến nghị,,,1,232,,,UIT,
54,Xây dựng ứng dụng quản lý chi tiêu,,,1,232,,,UIT,
55,Xây dựng ứng dụng hẹn hò và kết bạn,,,1,232,,,UIT,
56,Xây dựng website quản lý cửa hàng café,,,1,232,,,UIT,
57,Xây dựng website thương mại điện tử bán giày dép,,,1,232,,,UIT,
58,Xây dựng website thương mại điện tử cho hệ thống nhà sách,,,1,232,,,UIT,
59,Xây dựng website quản lý trang trại heo,,,1,232,,,UIT,
60,Xây dựng website quản lý nhân sự cho doanh nghiệp IT quy mô nhỏ,,,1,232,,,UIT,
61,Xây dựng hệ thống kỹ năng cho game nhập vai 2D,,,1,232,,,UIT,
62,Xây dựng website đặt phòng khách sạn bằng kiến trúc Microservice kết hợp sử dụng gRPC,,,1,232,,,UIT,
63,Xây dựng ứng dụng quản lý quán café trên nền tảng windows và mobile,,,1,232,,,UIT,
64,Xây dựng ứng dụng quản lý tài chính trên thiết bị di động,,,1,232,,,UIT,
65,Xây dựng ứng dụng mua bán cây cảnh,,,1,232,,,UIT,
66,Xây dựng website mạng xã hội truyện tranh,,,1,232,,,UIT,
67,Xây dựng ứng dụng chia sẻ phương pháp học tập,,,1,232,,,UIT,
68,Xây dựng ứng dụng tìm bạn ở ghép phòng trọ,,,1,232,,,UIT,
69,Xây dựng ứng dụng chia sẻ thực phẩm,,,1,232,,,UIT,
70,Xây dựng ứng dụng quản lý quy trình thực hiện đề tài NCKH sinh viên,,,1,232,,,UIT,
71,Xây dựng ứng dụng quản lý lịch sử các hoạt động của gia đình,,,1,232,,,UIT,
72,Sử dụng Google ML Kit để xây dựng ứng dụng đọc hóa đơn tự động với Flutter,,,1,232,,,UIT,
73,Sử dụng Google ML Kit để xây dựng ứng dụng học các tư thế Yoga với Flutter,,,1,232,,,UIT,
74,Sử dụng Google ML Kit để xây dựng mini game với Flutter,,,1,232,,,UIT,
75,Xây dựng ứng dụng phát nhạc theo cảm xúc khuôn mặt với React Native,,,1,232,,,UIT,
76,Xây dựng ứng dụng điểm danh tự động bằng khuôn mặt với React Native,,,1,232,,,UIT,
77,Xây dựng website thương mại điện tử dựa trên mô hình microservice và cơ sở dữ liệu phân tán,,,1,232,,,UIT,
78,Xây dựng website quản lý nhân sự,,,1,232,,,UIT,
79,Phát triển sàn thương mại mua bán sản phẩm điện tử,,,1,232,,,UIT,
80,Xây dựng trang nghe nhạc trực tuyến với mô hình gói đăng ký,,,1,232,,,UIT,
81,Game 2D multiplayer nền tảng di động,,,1,232,,,UIT,
82,Ứng dụng quản lý mua sắm đồ điện tử online có thanh toán qua Momo,,,1,232,,,UIT,
83,"Tìm hiểu Flutter, BloC và xây dựng ứng dụng quản lý công việc",,,1,232,,,UIT,
84,"Ứng dụng nhắn tin kết bạn, bảo vệ người dùng khỏi tin nhắn quấy rối",,,1,232,,,UIT,
85,Nghiên cứu và xây dựng ứng dụng phân loại rác và gây quỹ cộng đồng,,,1,232,,,UIT,
86,Xây dựng website cộng đồng cho phép đăng tải và trao đổi các bài viết,,,1,232,,,UIT,
87,Nghiên cứu các phương pháp tự động sinh câu mô tả cho ảnh và xây dựng ứng dụng,,,1,232,,,UIT,
88,Thiết kế game 2D Platformer theo thể loại RPG,,,1,232,,,UIT,
89,Xây dựng ứng dụng siêu thị trực tuyến kết hợp gợi ý sản phẩm và dự đoán xu hướng thị trường,,,1,232,,,UIT,
90,Phát triển hệ thống hỗ trợ tra cứu vùng canh tác nông nghiệp dựa trên bản đồ Open Street Map (OSM),,,1,232,,,UIT,
91,Áp dụng kiến trúc Microservices vào việc phát triển hệ thống thương mại điện tử,,,1,232,,,UIT,
92,Xây dựng ứng dụng đặt đồ ăn trực tuyến áp dụng hệ khuyến nghị dựa trên mức độ yêu thích của người dùng,,,1,232,,,UIT,
93,Xây dựng ứng dụng hỗ trợ học nhảy,,,1,232,,,UIT,
94,Tìm hiểu công nghệ Web 3.0 và ứng dụng web 3.0 vào thực tiễn,,,2,232,,,UIT,
95,Xây dựng hệ thống trợ giúp tư vấn hướng nghiệp và chọn ngành cho học sinh THPT,,,2,232,,,UIT,
96,Xây dựng mạng xã hội kết hợp chatbot cho người nuôi thú cưng,,,2,232,,,UIT,
97,Tìm hiểu Chatbot và xây dựng ứng dụng hỗ trợ tư vấn thuê bất động sản,,,2,232,,,UIT,
98,Tìm hiểu Chatbot và xây dựng ứng dụng hỗ trợ tư vấn mua bán bất động sản,,,2,232,,,UIT,
99,Nghiên cứu và thử nghiệm một số phương pháp định giá BĐS,,,2,232,,,UIT,
100,Phân tích xu hướng bất động sản bằng Machine Learning kết hợp lịch sử giá và tin tức,,,2,232,,,UIT,
101,Xây dựng hệ thống quản lý phòng trọ và gợi ý cho thuê phòng trọ.,,,2,232,,,UIT,
102,Xây dựng Ứng dụng đi chợ trực tuyến tích hợp gợi ý món ăn,,,2,232,,,UIT,
103,Xây dựng Shop quần áo online tích hợp gợi ý sản phẩm,,,2,232,,,UIT,
104,Xây dựng Ứng dụng nghe nhạc và gợi ý bài hát,,,2,232,,,UIT,
105,Tìm hiểu và phát triển ứng dụng giúp việc và cho thuê với Flutter,,,2,232,,,UIT,
106,Nghiên cứu công nghệ livestream và xây dựng ứng dụng minh hoạ,,,2,232,,,UIT,
107,Nghiên cứu công nghệ blockchain và ứng dụng vào game,,,2,232,,,UIT,
108,Nghiên cứu hệ khuyến nghị trong hệ thống thương mại điện tử,,,2,232,,,UIT,
109,Nghiên cứu hệ thống phân tán và ứng dụng minh hoạ,,,2,232,,,UIT,
110,Nghiên cứu các kĩ thuật đồng thuận trong blockchain,,,2,232,,,UIT,
111,Nghiên cứu blockchain bridge và ứng dụng,,,2,232,,,UIT,
112,"Xây dựng ứng dụng mua sắm quần áo tích hợp AI (Chatbot, Image search, Virtual fit)",,,2,232,,,UIT,
113,"Xây dựng ứng dụng di động hỗ trợ dinh dưỡng - tích hợp công nghệ AI để nhận diện món ăn""",,,2,232,,,UIT,
114,"Xây dựng website bán sách dựa trên kiến trúc Microservice""",,,2,232,,,UIT,
115,Phát triển ứng dụng Fastfood Kết hợp tính năng gợi ý người dùng,,,2,232,,,UIT,
116,Phát triển game3D tương tác và thực thể ảo AR với Unity trên môi trường Android,,,2,232,,,UIT,
117,Phát triển ứng dụng phân tích dữ liệu y khoa trong xét nghiệm máu,,,2,232,,,UIT,
118,"Tìm hiểu Thị giác máy tính vận dụng trong phát triển ứng dụng Game 3D tương tác, Thực thể ảo AR.",,,2,232,,,UIT,
119,Dự báo qua hành vi mua sắm của người tiêu dùng trong hoạt động kinh doanh hàng tiêu dùng,,,2,232,,,UIT,
120,Xây dựng hệ thống tư vấn chọn ngành Đại học cho học sinh Trung học Phổ Thông,,,2,232,,,UIT,
121,Phát triển ứng dụng hỗ trợ trẻ em tự kỷ,,,2,232,,,UIT,
122,Xây dựng Micro Front End với React Native cho Supper App Bác sĩ đồ gia đình,,,2,232,,,UIT,
123,Xây dựng hệ thống với K8s,,,2,232,,,UIT,
124,Xây dựng hệ thống với Net Core,,,2,232,,,UIT,
125,Xây dựng hệ thống với Spring Boot,,,2,232,,,UIT,
126,Xây dựng hệ thống khuyến mãi (promotion) cho bán hàng đa kênh (Omnichannel),,,2,232,,,UIT,
127,Xây dựng hệ thống e-catalog sản phẩm cho bán hàng đa kênh (Omnichannel),,,2,232,,,UIT,
128,Xây dựng hệ thống e-shopping cart cho bán hàng đa kênh (Omnichannel),,,2,232,,,UIT,
129,Tìm hiểu về Visual Studio GitHub Copilot Extension Introduces New Features and Enhancements,,,2,232,,,UIT,
130,Dự đoán trên dữ liệu chuỗi thời gian Tồn kho (Inventory) với Transformer (Time Series Prediction with Transformers),,,2,232,,,UIT,
131,Thiết kế gương chiếu hậu thông minh cho xe máy,,,2,232,,,UIT,
132,"Tìm hiểu về thiết kế game và xây dựng game RPG hành động, phiêu lưu, giả tưởng 2D",,,2,232,,,UIT,
133,Xây dựng ứng dụng bản đồ tai nạn giao thông,,,2,232,,,UIT,
134,Tìm hiểu các phương pháp tối ưu trong lập trình ứng dụng di động,,,2,232,,,UIT,
135,Tìm hiểu và xây dựng ứng dụng Ecommerce tích hợp khuyến nghị,,,2,232,,,UIT,
136,Nghiên cứu phương pháp rút trích thông tin từ văn bản,,,2,232,,,UIT,
137,Xây dựng hệ thống đảm bảo trung thực trong mua bán và vận chuyển vật liệu xây dựng,,,2,232,,,UIT,
138,Nghiên cứu các thuật toán và phát triển ứng dụng cho Game 3D,,,2,232,,,UIT,
139,"Tìm hiểu các kỹ thuật dựa trên thị giác máy tính và máy học để xây dựng ứng dụng ""Just Walk Out Shopping""",,,2,232,,,UIT,
140,Tìm hiểu các kỹ thuật dựa trên thị giác máy tính và máy học để xây dựng ứng dụng cho xe tự lái (Self-Driving),,,2,232,,,UIT,
141,Tìm hiểu các kỹ thuật dựa trên thị giác máy tính và máy học để xây dựng ứng dụng giám sát giao thông tự động,,,2,232,,,UIT,
142,Tìm hiểu các kỹ thuật dựa trên thị giác máy tính và máy học để xây dựng ứng dụng chuẩn đoán các bệnh trên lá lúa,,,2,232,,,UIT,
143,Tìm hiểu các kỹ thuật dựa trên thị giác máy tính và máy học để xây dựng ứng dụng Smart Classroom Monitoring,,,2,232,,,UIT,
144,Xây dựng ứng dụng quản lý đề cương môn học,,,2,232,,,UIT,
145,Xây dựng ứng dụng hỗ trợ xây dựng nhóm học tập,,,2,232,,,UIT,
146,Xây dựng ứng dụng chia sẻ kinh nghiệm học tập,,,2,232,,,UIT,
147,Xây dựng ứng dụng gia sư trong sinh viên,,,2,232,,,UIT,
148,Xây dựng game tương tác giáo dục cho mẹ và bé,,,2,232,,,UIT,
149,Xây dựng game giúp tăng cường kết nối Cả nhà cùng vui,,,2,232,,,UIT,
150,Xây dựng ứng dụng quản lý tổ chức các hoạt động sinh viên,,,2,232,,,UIT,
151,Phát triển ứng dụng tư vấn sức khỏe,,,2,232,,,UIT,
152,Phát triển ứng dụng luyện TOEIC,,,2,232,,,UIT,
153,Phát triển ứng dụng giải trí học tiếng Anh,,,2,232,,,UIT,
154,Xây dựng ứng dụng luyện nói tiếng Anh cộng đồng,,,2,232,,,UIT,
155,Phát triển website mạng xã hội tích hợp HLS,,,2,232,,,UIT,
156,Xây dựng website cho hotel/resort,,,2,232,,,UIT,
157,Xây dựng ứng dụng di động kinh doanh đồ nội thất,,,2,232,,,UIT,
158,Xây dựng hệ thống quản lý sự kiện và bán vé,,,2,232,,,UIT,
159,Phát triển hệ thống mua sắm trực tuyến,,,2,232,,,UIT,
160,Xây dựng website bán giày tích hợp chatbot,,,2,232,,,UIT,
161,Xây dựng website và app mobile TMĐT tích hợp hệ thống khuyến nghị,,,2,232,,,UIT,
162,Phát triển website đọc truyện tranh,,,2,232,,,UIT,
163,Xây dựng website bán đồ công nghệ,,,2,232,,,UIT,
164,Phát triển ứng dụng nghe nhạc và chia sẻ bài hát với Flutter,,,2,232,,,UIT,
165,Phát triển ứng dụng hỗ trợ học tiếng Anh tăng thích nghi và tương tác (mobile),,,2,232,,,UIT,
166,Tìm hiểu về Entity Component System của Unity và làm sản phẩm demo,,,2,232,,,UIT,
167,Sử dụng AI để khôi phục tạo hình ảnh có độ phân giải cao,,,2,232,,,UIT,
168,"Tìm hiểu Reactjs và xây dựng website quản lý đăng ký môn học và học phí
",,,2,232,,,UIT,
169,Ứng dụng chatbot vào ứng dụng thương mại điện tử,,,2,232,,,UIT,
170,Ứng dụng mạng xã hội chia sẻ video ngắn,,,2,232,,,UIT,
171,Xây dựng website đặt lịch khám bệnh online,,,2,232,,,UIT,
172,"Tìm hiểu MAUI , Blazor để xây dựng ứng dụng web, di động forum ẩn danh chỉ sinh viên UIT có thể đăng bài, bình luận, ...",,,2,232,,,UIT,
173,Website hỗ trợ học và ghi nhớ tiếng anh theo phương pháp FibonacciEnglish,,,2,232,,,UIT,
174,"Tìm hiều về E-Learning và xây dựng web app học, chia sẻ kiến thức lập trình",,,2,232,,,UIT,
175,Nghiên cứu các phương pháp phân loại ảnh và xây dựng ứng dụng phân loại các bệnh trên lá cây trồng,,,2,232,,,UIT,
176,Nghiên cứu các phương pháp phân loại ảnh xây dựng ứng dụng phân loại các loài sâu hại trên cây trồng,,,2,232,,,UIT,
177,Nghiên cứu các phương pháp nhận dạng cử chỉ tay (Hand Gesture Recognition) và xây dựng ứng dụng,,,2,232,,,UIT,
178,Nghiên cứu phương pháp nhận dạng cảm xúc khuôn mặt và xây dựng chức năng tương ứng cho ứng dụng Smart Classroom Monitoring,,,2,232,,,UIT,
179,Nghiên cứu các phương pháp nhận biết ảnh giả mạo và xây dựng ứng dụng,,,2,232,,,UIT,
180,Nghiên cứu các phương pháp nhận biết video giả mạo và xây dựng ứng dụng,,,2,232,,,UIT,
181,Nghiên cứu các phương pháp phát hiện các vùng giả mạo bằng deepfake trong ảnh và xây dựng ứng dụng,,,2,232,,,UIT,
182,Xây dựng mội trường giao thông giả lập lũ lụt chụp từ Drone và ứng dụng phát hiện phương tiện giao thông trong điều kiện này,,,2,232,,,UIT,
183,Xây dựng mội trường giao thông giả lập mưa chụp từ Drone và ứng dụng phát hiện phương tiện giao thông trong điều kiện này,,,2,232,,,UIT,
184,Xây dựng mội trường giao thông giả lập ban đêm chụp từ Drone và ứng dụng phát hiện phương tiện giao thông trong điều kiện này,,,2,232,,,UIT,
185,"Nghiên cứu các phương pháp chuẩn đoán ảnh y khoa trên đa nền tảng (X-ray, MRI, CT, ultrasound) và xây dựng ứng dụng",,,2,232,,,UIT,
186,"Nghiên cứu các phương pháp ""Explainable Object Recognition"" trên ảnh y khoa và xây dựng ứng dụng hỗ trợ ra quyết định cho bác sĩ",,,2,232,,,UIT,
187,Nghiên cứu các phương pháp học tăng cường (incremental learning) và xây dựng ứng dụng giám sát giao thông tự động,,,2,232,,,UIT,
188,Phát triển hệ thống hỗ trợ quản lý tài chính cho giải pháp vay ngang hàng tích hợp với học máy,,,2,232,,,UIT,
189,Phát triển hệ thống hỗ trợ tự động hóa quy trình hoạt động doanh nghiệp dựa trên RPA (Robot Process Automation),,,2,232,,,UIT,
190,"Phát triển hệ thống hỗ trợ quản trị doanh nghiệp dựa trên Odoo: Áp dụng cho phân hệ quản lý phương tiện, logistics và kho hàng",,,2,232,,,UIT,
191,"Tìm hiểu hệ thống khuyến nghị, cơ sở dữ liệu đồ thị và xây dựng ứng dụng minh hoạ",,,2,232,,,UIT,
192,Xây dựng website gọi điện và nhắn tin CrossCalling,,,2,232,,,UIT,
193,Xây dựng trang web quản lý kinh doanh cho tiệm tạp hóa nhỏ,,,,,,,DUT,
194,Xây dựng website đặt phòng khách sạn,,,,,,,DUT,
195,Hệ thống quản lý rác tái chế ở hộ gia đình,,,,,,,DUT,
196,"Xây dựng ứng dụng hẹn hò, kết bạn và website quản trị",,,,,,,DUT,
197,Nền tảng trao đổi các sản phẩm kĩ thuật số sử dụng công nghệ blockchain,,,,,,,DUT,
198,Hệ thống quản lý lao động,,,,,,,DUT,
199,Mô phỏng địa điểm bằng kỹ thuật Image Stitching,,,,,,,DUT,
200,Xây dựng hệ thống hỗ trợ quản lý Đoàn thanh niên trường Đại học Bách Khoa,,,,,,,DUT,
201,Xây dựng hệ thống đặt bàn nhà hàng online,,,,,,,DUT,
202,Xây dựng ứng dụng hỗ trợ học tiếng anh trên hệ điều hành Android,,,,,,,DUT,
203,Xây dựng website chia sẻ hành trình du lịch,,,,,,,DUT,
204,Xây dựng App Mobile giới thiệu các bộ phim,,,,,,,DUT,
205,Xây dựng website kết nối tình nguyện Việt Nam,,,,,,,DUT,
206,Xây dựng trang web trò chuyện trực tuyến,,,,,,,DUT,
207,Builing a livechat module for e-commerce website using chatbot technology,,,,,,,DUT,
208,Tour Reservation and Booking System,,,,,,,DUT,
209,Building a service-oriented Website application to manage and analyze near-infrared spectral data of food,,,,,,,DUT,
210,Xây dựng ứng dụng theo dõi thời gian và quản lý công việc của các dự án,,,,,,,DUT,
211,Building a website to recommend products for users of the mobile store,,,,,,,DUT,
212,Cửa hàng bán sách trực tuyến tích hợp hệ thống gợi ý,,,,,,,DUT,
213,Xây dựng hệ thống đánh giá địa điểm du lịch tích hợp chatbot AI,,,,,,,DUT,
214,Xây dựng ứng dụng lưu trữ vị trí điểm đến dựa vào tọa độ địa lý,,,,,,,DUT,
215,Bảo mật cơ sở hạ tầng mạng với ASA,,,,,,,DUT,
216,Xây dựng ứng dụng quản lý tài chính cá nhân,,,,,,,DUT,
217,Hệ thống quản lí nhân viên bán thời gian,,,,,,,DUT,
218,Ứng dụng từ điển hình vẽ cho trẻ em DoodleDict,,,,,,,DUT,
219,Xây dựng website review sách kết hợp hệ thống gợi ý,,,,,,,DUT,
220,Website môi giới tuyển dụng ngành Công nghệ thông tin,,,,,,,DUT,
221,Xây dựng giải pháp nhà thông minh,,,,,,,DUT,
222,Website quản lí cửa hàng thức ăn,,,,,,,DUT,
223,Hệ thống đặt vé máy bay trực tuyến và hệ thống quản lý hàng không,,,,,,,DUT,
224,Xây dựng website hướng dẫn nấu ăn (tích hợp gợi ý món ăn).,,,,,,,DUT,
225,Xây dựng website quản lý bán mỹ phẩm,,,,,,,DUT,
226,Xây dựng website dạy học tiếng anh online,,,,,,,DUT,
227,Xây dựng website thương mại điện tử,,,,,,,DUT,
228,Xây dựng website/ứng dụng hỗ trợ hoạt động đoàn thanh niên tại trường đại học,,,,,,,DUT,
229,Xây dựng ứng dụng quản lí bán hàng trên nền tảng Hyperledger Blockchain,,,,,,,DUT,
230,Xây dựng hệ thống đề xuất sản phẩm dựa trên Auto-Encoder,,,,,,,DUT,
231,Xây dựng ứng dụng blockchain quản lí chuỗi cung ứng,,,,,,,DUT,
232,Mysic- Digital Music Service Website,,,,,,,DUT,
233,Hệ thống hỗ trợ đăng và tìm kiếm việc làm,,,,,,,DUT,
234,Xây dựng website thương mại điện tử sử dụng công nghệ Blockchain,,,,,,,DUT,
235,Xây dựng nền tảng tạo và mua bán NFT (non-fungible tokens) - ArtNfts,,,,,,,DUT,
236,Data acquisition and analysis system for near-infrared spectrum of food,,,,,,,DUT,
237,Solving Age-Invariant Face Recognition and Face Age Synthesis simultaneously using Deep Learning,,,,,,,DUT,
238,Building an Android application to assist driving using AI,,,,,,,DUT,
239,Xây dựng ứng dụng mạng xã hội Lavender,,,,,,,DUT,
240,Xây dựng web game vẽ hình đa người dùng có sử dụng học máy,,,,,,,DUT,
241,Xây dựng website quản lý rạp chiếu phim,,,,,,,DUT,
242,"Xây dựng website quản lý, gợi ý tìm kiếm trường học",,,,,,,DUT,
243,Vietnamese text classification using NLP techniques,,,,,,,DUT,
244,Hệ thống quản lý công việc cho nhân viên làm việc remote,,,,,,,DUT,
245,Website quản lý tiệm thuốc,,,,,,,DUT,
246,Hệ thống cung cấp vật tư y tế cho mọi nhà,,,,,,,DUT,
247,Xây dựng ứng dụng blockchain bán hàng trên nền tảng Hyperledger Fabric,,,,,,,DUT,
248,Xây dựng hệ thống ghi nhận và khen thưởng nhân viên Kudo,,,,,,,DUT,
249,Hệ thống hỗ trợ học tập tiếng Anh trực tuyến,,,,,,,DUT,
250,Xây dựng ứng dụng để phát hiện và cảnh báo số điện thoại spam trên nền tảng Android,,,,,,,DUT,
251,Đánh giá bảo mật hệ thống thông qua kiểm thử xâm nhập,,,,,,,DUT,
252,Xây dựng hệ thống khảo sát người dùng ứng dụng công nghệ Blockchain,,,,,,,DUT,
253,Hệ thống quản lý đánh giá năng lực của nhân viên,,,,,,,DUT,
254,Quảng cáo và Order sử dụng Facebook Graph API,,,,,,,DUT,
255,Xây dựng website quản lý bán hàng,,,,,,,DUT,
256,Hệ thống quản lý nhân sự trong công ty (Human Resource Management),,,,,,,DUT,
257,Thiết kế công cụ quản lý dự án dựa trên quy trình Scrum,,,,,,,DUT,
258,Build A Tour Booking Website – HappyVacation,,,,,,,DUT,
259,Xây dựng trang web tiện ích thiết kế đồ họa,,,,,,,DUT,
260,Build a nutrition tracking application,,,,,,,DUT,
261,Building NFT Marketplace,,,,,,,DUT,
262,"Hệ thống chấm code, tổ chức các cuộc thi lập trình trực tuyến BKDNOJ",,,,,,,DUT,
263,Xây dựng website quản lý truyện thông qua mạng xã hội,,,,,,,DUT,
264,Xây dựng website đánh giá công ty CNTT ở Đà Nẵng,,,,,,,DUT,
265,Hệ thống hỗ trợ đặt lịch khám (My Healthy),,,,,,,DUT,
266,Xây dựng website bán khóa học (Course Website),,,,,,,DUT,
267,xây dựng website nhà hàng healthy food kết hợp kinh doanh thực phẩm organic,,,,,,,DUT,
268,Hệ thống bầu cử,,,,,,,DUT,
269,Xây dựng website bán hàng,,,,,,,DUT,
270,Xây dựng website bán giày tích hợp gợi ý sản phẩm,,,,,,,DUT,
271,Xây dựng website quản lý cửa hàng giày dép,,,,,,,DUT,
272,Xây dựng Website bán sách,,,,,,,DUT,
273,Cooking Recipe,,,,,,,DUT,
274,Xây dựng Website gợi ý chọn phim cho người dùng,,,,,,,DUT,
275,Hệ thống hỗ trợ du lịch Duli,,,,,,,DUT,
276,Xây dựng website đặt tour du lịch,,,,,,,DUT,
277,Website tin tức tích hợp hệ thống gợi ý,,,,,,,DUT,
278,Build an e-commerce website to sell books and learn English online,,,,,,,DUT,
279,Hệ thống website hỏi đáp lập trình Rookie,,,,,,,DUT,
280,Xây dựng website quản lý bán cây cảnh,,,,,,,DUT,
281,Xây dựng ứng dụng Blockchain phục vụ quản lý vật tư thiết bị trên nền tảng Hyperledger,,,,,,,DUT,
282,Xây dựng hệ thống quản lý tiến độ dự án,,,,,,,DUT,
283,Hệ thống tạo và liên kết sàn thương mại điện tử cho nhà sản xuất và cửa hàng,,,,,,,DUT,
284,Xây dựng trang web quản lý dự án theo mô hình Scrum,,,,,,,DUT,
285,Xây dựng website tìm việc cho sinh viên,,,,,,,DUT,
286,Hệ thống thi trắc nghiệm,,,,,,,DUT,
287,Xây dựng hệ thống tạo website bán tranh NFT,,,,,,,DUT,
288,Xây dựng website hỗ trợ cuộc sống khỏe “Healthy Life”,,,,,,,DUT,
289,"Xây dựng ứng dụng quản lý hình ảnh, video và địa điểm check-in",,,,,,,DUT,
290,Hệ Thống Quản Lý Quán Trà Sữa Bằng Mã QR Và ChatBot,,,,,,,DUT,
291,Xây dựng trang web buôn bán NFT (Non-Fungible Token) chạy trên nền tảng Ethereum blockchain,,,,,,,DUT,
292,Sổ Vaccine cá nhân,,,,,,,DUT,
293,Xây dựng website quản lý quầy nước cho công ty ONE Tech Stop,,,,,,,DUT,
294,Website tích hợp các kênh thông tin cho sinh viên Khoa Công nghệ thông,,,,,,,DUT,
295,Xây dựng website cho thuê xe,,,,,,,DUT,
296,Xây dựng website trò chuyện qua nhắn tin và gọi video,,,,,,,DUT,
297,Sử dụng Deep Learning trong nhận diện cảm xúc bằng lời nói,,,,,,,DUT,
298,Ứng dụng blockchain truy xuất nguồn gốc thuốc,,,,,,,DUT,
299,Xây dựng ứng dụng học từ vựng tiếng Anh,,,,,,,DUT,
300,Xây dựng ứng dụng quản lý và chia sẻ file giữa các thiết bị đa nền tảng,,,,,,,DUT,
301,Nghiên cứu ứng dụng học máy nhận diện lỗi trên bảng mạch in,,,,,,,DUT,
302,Hệ thống hỗ trợ hiến máu nhân đạo,,,,,,,DUT,
303,Building an online counseling psychology system,,,,,,,DUT,
304,Xây dựng website bán rau sạch,,,,,,,DUT,
305,System for allocating the suitable people for project,,,,,,,DUT,
306,Xây dựng hệ thống đo tốc độ và nhận diện biển số xe ô tô và mô tô,,,,,,,DUT,
307,Xây dựng mạng xã hội chia sẻ ảnh Pinterist tích hợp AI phân loại ảnh độc hại,,,,,,,DUT,
308,Xây dựng hệ thống quản lý chuỗi cung ứng hải sản ứng dụng công nghệ blockchain,,,,,,,DUT,
309,Xây dựng ứng dụng nhận dạng chữ viết tay,,,,,,,DUT,
310,Xây dựng ứng dụng gửi/nhận thông điệp bảo mật,,,,,,,DUT,
311,Xây dựng hệ thống hỗ trợ mua bán bất động sản Đà Nẵng,,,,,,,DUT,
312,Voiceprint Recognition System using Deep Learning Student,,,,,,,DUT,
313,Tóm tắt audio sử dụng mô hình học sâu,,,,,,,DUT,
314,Tìm hiểu DOTS và xây dựng ứng dụng minh họa,,,1,231,,,UIT,
315,Tìm hiểu Solidity và xây dựng ứng dụng minh họa,,,1,231,,,UIT,
316,Nghiên cứu và xây dựng ví Mutil-sig trên mạng Bitcoin,,,1,231,,,UIT,
317,Xây dựng hệ thống website builder hỗ trợ phát sinh mã nguồn frontend,,,1,231,,,UIT,
318,Xây dựng hệ thống quản lý đề tài Đồ án chuyên ngành Khoa CNPM,,,1,231,,,UIT,
319,Xây dựng ứng dụng học nhóm ảo,,,1,231,,,UIT,
320,Tìm hiểu và xây dựng nhà sách NFT (Non fungible token),,,1,231,,,UIT,
321,Xây dựng ứng dụng blockchain hỗ trợ tuyển dụng việc làm,,,1,231,,,UIT,
322,Xây dựng ứng dụng tư vấn sức khỏe cho cộng đồng,,,1,231,,,UIT,
323,Xây dựng ứng dụng tư vấn đăng ký học phần cho SV  CNPM,,,1,231,,,UIT,
324,Nghiên cứu và thử nghiệm một số phương pháp định giá BĐS,,,1,231,,,UIT,
325,Ứng dụng gọi xe chung cho sinh viên,,,1,231,,,UIT,
326,Mạng xã hội kết hợp chatbot cho người nuôi thú cưng,,,1,231,,,UIT,
327,Xây dựng ứng dụng Thuê trọ,,,1,231,,,UIT,
328,Tìm hiểu các phương pháp xác định và so sánh âm thanh,,,1,231,,,UIT,
329,Thiết kế thuật toán so sánh ảnh màu dựa trên điểm ảnh,,,1,231,,,UIT,
330,Xây dựng website quản lý môn đồ án,,,1,231,,,UIT,
331,Tìm hiểu và xây dựng chức năng khuyến nghị cho ứng dụng bán giày,,,1,231,,,UIT,
332,Xây dựng ứng dụng chuyển đổi kỹ thuật lập trình,,,1,231,,,UIT,
333,Xây dựng ứng dụng quản lý quỹ đầu tư cá nhân,,,1,231,,,UIT,
334,Xây dựng ứng dụng đa tương tác với file pdf trong dạy học,,,1,231,,,UIT,
335,Tạo lập UI từ mẫu (Dynamic form) với BEEKAI,,,1,231,,,UIT,
336,Thiết kế và xây dựng hệ thống với NetCore,,,1,231,,,UIT,
337,Thiết kế và xây dựng hệ thống với Spring Boot,,,1,231,,,UIT,
338,UI auto testing tool với Apptium,,,1,231,,,UIT,
339,Ứng dụng ChatGPT vào công việc lập trình,,,1,231,,,UIT,
340,Xây dựng hệ e-catalog sản phẩm cho thương mại điện tử ,,,1,231,,,UIT,
341,Xây dựng hệ e-shopping cart cho thương mại điện tử,,,1,231,,,UIT,
342,Xây dựng hệ promotion cho thương mại điện tử,,,1,231,,,UIT,
343,Quản lý luồng dữ liệu cho Data Analysis với Airflow ,,,1,231,,,UIT,
344,Tìm hiểu về kiến trúc Transformer,,,1,231,,,UIT,
345,Tìm hiểu về tiềm năng ứng dụng của Generative Ai,,,1,231,,,UIT,
346,Tìm hiểu về mô hình ngôn ngữ lớn LLM,,,1,231,,,UIT,
347,Tìm hiểu về hệ thống sản phẩm dịch vụ (product service system),,,1,231,,,UIT,
348,Ứng dụng khoa học thần kinh để lãnh đạo hiệu quả,,,1,231,,,UIT,
349,Phân tích và định giá doanh nghiệp sử dụng Financial Statements,,,1,231,,,UIT,
350,Dự báo (forecast) tồn kho bán lẻ với Deep Learning,,,1,231,,,UIT,
351,Tìm hiểu mô hình Shopatainment và xây dựng ứng dụng minh họa,,,1,231,,,UIT,
352,Tim hiểu Fluter,,,1,231,,,UIT,
353,Tim hiểu React Native,,,1,231,,,UIT,
354,Tim hiểu React JS,,,1,231,,,UIT,
355,Thiết kế và xây dựng hệ thống với  NestJS ,,,1,231,,,UIT,
356,"Ứng dụng nhắn tin, call video phân tán (dApp)",,,1,231,,,UIT,
357,Đặc tả và kiểm chứng các hệ thống thời gian thực sử dụng uppaal,,,1,231,,,UIT,
358,Phương pháp và công cụ để hỗ trợ kiểm thử phần mềm android,,,1,231,,,UIT,
359,Nghiên cứu sinh mã kiểm thử tự động dựa trên kịch bản kiểm thử hướng hành vi,,,1,231,,,UIT,
360,Các kỹ thuật kiểm thử phần mềm nhúng và ứng dụng,,,1,231,,,UIT,
361,Tìm hiểu và xây dựng công cụ hỗ trợ kiểm thử hệ thống hướng dịch vụ,,,1,231,,,UIT,
362,Phát triển ứng dụng mô hình mentorship hỗ trợ trong trường học ngành công nghệ thông tin,,,1,231,,,UIT,
363,Nghiên cứu phương pháp sinh dữ liệu kiểm thử từ mã nguồn và phát triển ứng dụng,,,1,231,,,UIT,
364,Xây dựng web và app xem phim tích hợp hệ thống khuyến nghị,,,1,231,,,UIT,
365,"Xây dựng website quản lý sự kiện và bán vé dựa trên kiến trúc microservices
",,,1,231,,,UIT,
366,Xây dựng ứng dụng di động kinh doanh thiết bị điện tử,,,1,231,,,UIT,
367,Xây dựng website đọc truyện tranh,,,1,231,,,UIT,
368,Xây dựng website bán trang sức,,,1,231,,,UIT,
369,Xây dựng ứng dụng nghe nhạc và chia sẻ bài hát với Flutter,,,1,231,,,UIT,
370,Xây dựng hệ thống quản trị sân bóng,,,1,231,,,UIT,
371,Nghiên cứu và xây dựng website hỗ trợ gây quỹ cộng đồng,,,1,231,,,UIT,
372,Xây dựng hệ thống hỗ trợ tìm kiếm đội nhóm dự án,,,1,231,,,UIT,
373,Nghiên cứu và xây dựng hệ thống hỗ trợ quản trị sự kiện,,,1,231,,,UIT,
374,Nghiên cứu các giải thuật khuyến nghị và ứng dụng minh hoạ,,,1,231,,,UIT,
375,Xây dựng Ứng dụng khôi phục hình ảnh,,,1,231,,,UIT,
376,"Phần mềm Nhận diện giọng nói -  Hỗ trợ Speaking English
",,,1,231,,,UIT,
377,Finetuning Large Language Models,,,1,231,,,UIT,
378,Xây dựng website thương mại điện tử,,,1,231,,,UIT,
379,Xây dựng website hỗ trợ sinh viên UIT,,,1,231,,,UIT,
380,Phát triển hệ thống hỗ trợ quản lý tài chính cho giải pháp vay ngang hàng ,,,1,231,,,UIT,
381,"Phát triển hệ thống hỗ trợ quản trị doanh nghiệp dựa trên odoo: Áp dụng cho các phân hệ quản lý nhân sự, chăm sóc khách hàng, lập kế hoạch, quản lý dự án.",,,1,231,,,UIT,
382,"Phát triển hệ thống hỗ trợ quản trị doanh nghiệp dựa trên Odoo: Áp dụng cho phân hệ quản lý phương tiện, logistics và kho hàng",,,1,231,,,UIT,
383,Nghiên cứu và áp dụng design pattern trong phát triển phần mềm,,,1,231,,,UIT,
384,"Nghiên cứu và tìm hiểu các thuật toán thông minh, Áp dụng cho Chatbot Libre",,,1,231,,,UIT,
385,Xây dựng ứng dụng quản lý đề cương môn học,,,1,231,,,UIT,
386,Xây dựng ứng dụng quản lý quy trình thực hiện đề tài nghiên cứu khoa học sinh viên,,,1,231,,,UIT,
387,Xây dựng ứng dụng tìm bạn cùng học,,,1,231,,,UIT,
388,Xây dựng ứng dụng chia sẻ kinh nghiệm học tập,,,1,231,,,UIT,
389,Xây dựng ứng dụng quản lý và chia sẻ tài nguyên học tập,,,1,231,,,UIT,
390,Xây dựng ứng dụng giải trí luyện ngôn ngữ,,,1,231,,,UIT,
391,Xây dựng ứng dụng luyện TOEIC,,,1,231,,,UIT,
392,Xây dựng ứng dụng nhắc lịch công tác,,,1,231,,,UIT,
393,Xây dựng hệ thống mua sắm trực tuyến,,,1,231,,,UIT,
394,Xây dựng ứng dụng tư vấn sức khỏe,,,1,231,,,UIT,
395,Xây dựng ứng dụng quản lý thư viện điện tử ứng dụng khuyến nghị,,,1,231,,,UIT,
396,Phân tích dự báo giá cổ phiếu dựa trên một số phương pháp học máy,,,1,231,,,UIT,
397,Xây dựng ứng dụng để quảng cáo và bán hàng qua video,,,1,231,,,UIT,
398,Fastfood ingredient selection online application,,,1,231,,,UIT,
399,Ứng dụng gợi ý kiểu cho khách hàng cắt tóc,,,1,231,,,UIT,
400,Clothing suggestion for the event,,,1,231,,,UIT,
401,Xây dựng ứng dụng mạng xã hội tích hợp Lucene,,,1,231,,,UIT,
402,Phát hiện phương tiện giao thông,,,1,231,,,UIT,
403,Tạo chú thích trực tiếp từ nguồn cấp dữ liệu máy ảnh,,,1,231,,,UIT,
404,Dự đoán tuổi và giới tính,,,1,231,,,UIT,
405,Photo Transfer to Picture using GANs,,,1,231,,,UIT,
406,Hỏi-đáp thị giác (Visual question answering),,,1,231,,,UIT,
407,The Intelligent Recommender System,,,1,231,,,UIT,
408,Phát hiện ô tô,,,1,231,,,UIT,
409,Trình phân loại hình ảnh sử dụng phương pháp học ngôn ngữ-hình ảnh tương phản (CLIP),,,1,231,,,UIT,
410,Phát hiện tư thế,,,1,231,,,UIT,
411,Nhận biết cảm xúc,,,1,231,,,UIT,
412,Phát hiện khuôn mặt,,,1,231,,,UIT,
413,Nhận diện khuôn mặt bằng cách sử dụng các mẫu trên thiết bị,,,1,231,,,UIT,
414,Tổng hợp hình ảnh người thông qua Chế độ khuếch tán khử nhiễu,,,1,231,,,UIT,
415,Ứng dụng nhận dạng giống mèo,,,1,231,,,UIT,
416,Tạo mô tả cho ảnh bằng tiếng Anh,,,1,231,,,UIT,
417,CAPTCHA từ góc độ học sâu,,,1,231,,,UIT,
418,Xây dựng Website bán giày đá bóng,,,1,231,,,UIT,
419,Ứng dụng đi chợ trực tuyến tích hợp gợi ý món ăn,,,2,231,,,UIT,
420,Shop quần áo online tích hợp gợi ý sản phẩm,,,2,231,,,UIT,
421,Ứng dụng rèn luyện thể hình,,,2,231,,,UIT,
422,Xây dựng Game 3d Chiến đấu theo lượt,,,2,231,,,UIT,
423,Xây dựng ứng dụng mua sắm trực tuyến tích hợp chatbot,,,2,231,,,UIT,
424,Ứng dụng gọi xe chung cho sinh viên,,,2,231,,,UIT,
425,Tìm hiểu Solidity và xây dựng ứng dụng minh họa,,,2,231,,,UIT,
426,Nghiên cứu và xây dựng ví Mutil-sig trên mạng Bitcoin,,,2,231,,,UIT,
427,Xây dựng hệ thống website builder hỗ trợ phát sinh mã nguồn frontend,,,2,231,,,UIT,
428,Xây dựng ứng dụng học nhóm ảo,,,2,231,,,UIT,
429,Tìm hiểu và xây dựng nhà sách NFT (Non fungible token),,,2,231,,,UIT,
430,Xây dựng ứng dụng blockchain hỗ trợ tuyển dụng việc làm,,,2,231,,,UIT,
431,Xây dựng ứng dụng tư vấn sức khỏe cho cộng đồng,,,2,231,,,UIT,
432,Xây dựng ứng dụng tư vấn đăng ký học phần cho SV  CNPM,,,2,231,,,UIT,
433,Xây dựng hệ thống quản lý đề tài Đồ án chuyên ngành Khoa CNPM,,,2,231,,,UIT,
434,Nghiên cứu và thử nghiệm một số phương pháp định giá BĐS,,,2,231,,,UIT,
435,Mạng xã hội kết hợp chatbot cho người nuôi thú cưng,,,2,231,,,UIT,
436,"Xây dựng ứng dụng quản lý các hoạt động, sự kiện và câu lạc bộ tại UIT",,,2,231,,,UIT,
437,Tìm hiểu các phương pháp xác định cảm xúc trong giọng nói,,,2,231,,,UIT,
438,Xây dựng website quản lý viết báo cáo và minh chứng trong kiểm định chất lượng,,,2,231,,,UIT,
439,Tìm hiểu về bảo mật và truyền tải dữ liệu liệu lớn,,,2,231,,,UIT,
440,Tạo lập UI từ mẫu (Dynamic form) với BEEKAI cho ứng dụng khảo sát người dùng,,,2,231,,,UIT,
441,Thiết kế và xây dựng hệ thống với NetCore cho cho ứng dụng tư vấn thực phẩm chức năng,,,2,231,,,UIT,
442,Thiết kế và xây dựng hệ thống với Spring Boot cho ứng dụng review sản phẩm,,,2,231,,,UIT,
443,UI auto testing tool với Apptium cho ứng dụng Android Native,,,2,231,,,UIT,
444,Ứng dụng ChatGPT vào công việc lập trình Python,,,2,231,,,UIT,
445,Xây dựng hệ e-catalog sản phẩm cho thương mại điện tử bán quần áo,,,2,231,,,UIT,
446,Xây dựng hệ e-shopping cart cho thương mại điện tử bán quần áo ,,,2,231,,,UIT,
447,Xây dựng hệ e-shopping cart cho thương mại điện tử bán đồ thể thao,,,2,231,,,UIT,
448,Quản lý luồng dữ liệu cho Data Analysis với Airflow cho ngành marketing,,,2,231,,,UIT,
449,Tìm hiểu về kiến trúc Transformer trong LLima,,,2,231,,,UIT,
450,Tìm hiểu về tiềm năng ứng dụng của Generative Ai trong marketing,,,2,231,,,UIT,
451,Tìm hiểu về mô hình ngôn ngữ lớn LLM của Facebook,,,2,231,,,UIT,
452,Tìm hiểu về hệ thống sản phẩm dịch vụ (product service system) bảo trì sửa chữa,,,2,231,,,UIT,
453,Ứng dụng khoa học thần kinh để lãnh đạo hiệu quả trong ngành bán lẻ,,,2,231,,,UIT,
454,Phân tích và định giá doanh nghiệp sử dụng Financial Statements trong doanh nghiệp logistic,,,2,231,,,UIT,
455,Dự báo (forecast) tồn kho bán lẻ với Deep Learning trong doanh nghiệp bán lẻ hàng điện tử,,,2,231,,,UIT,
456,Tìm hiểu mô hình Shopatainment và xây dựng ứng dụng minh họa trong bán quần áo,,,2,231,,,UIT,
457,Ứng dụng web đặt và cho thuê phòng,,,2,231,,,UIT,
458,Xây dựng Website bán đồ nội thất online,,,2,231,,,UIT,
459,Thiết kế và xây dựng hệ thống với NetCore cho cho ứng dụng web quản lý nhân sự tại trường học,,,2,231,,,UIT,
460,Tim hiểu Fluter và xây dựng ứng dụng tư vấn chứng khoán,,,2,231,,,UIT,
461,Tim hiểu React Native và xây dựng ứng dụng tư vấn chứng khoán,,,2,231,,,UIT,
462,Tim hiểu React JS và xây dựng ứng dụng tư vấn chứng khoán,,,2,231,,,UIT,
463,Thiết kế và xây dựng hệ thống với  NestJS và xây dựng sàn giao dịch nông sản,,,2,231,,,UIT,
464,Xây dựng ứng dụng kết nối người có nhu cầu nâng cao khả năng giao tiếp ngoại ngữ,,,2,231,,,UIT,
465,Phát triển ứng dụng quản lý sinh viên thực tập và gợi ý định hướng nghề nghiệp,,,2,231,,,UIT,
466,"Tìm hiểu và áp dụng thuật toán hamming distance để gợi ý sản phẩm vào website bán hàng bằng php laravel""",,,2,231,,,UIT,
467,"Tìm hiểu Thị giác máy tính vận dụng trong phát triển ứng dụng Game 3D tương tác, Thực thể ảo AR.",,,2,231,,,UIT,
468,Ứng dụng hỗ trợ tư vấn tâm lý sức khỏe qua phân tích dữ liệu thói quen người dùng.,,,2,231,,,UIT,
469,Ứng dụng hỗ trợ tư vấn chăm sóc sức khỏe với phân tích dữ liệu xét nghiệm y khoa,,,2,231,,,UIT,
470,Phát triển ứng dụng mô hình mentorship hỗ trợ trong doanh nghiệp,,,2,231,,,UIT,
471,Phát triển ứng dụng trực quan hóa phân tích dữ liệu trong phân tích tài chính kế toán,,,2,231,,,UIT,
472,Phát triển ứng dụng phân tích dữ liệu y khoa trong xét nghiệm máu,,,2,231,,,UIT,
473,Nghiên cứu phương pháp sinh dữ liệu kiểm thử từ mã nguồn và ứng dụng xây dựng hệ thống chấm bài tập lập trình,,,2,231,,,UIT,
474,Xây dựng ứng dụng Fastfood kết hợp tính năng gợi ý người dùng,,,2,231,,,UIT,
475,Xây dựng website diễn đàn cho lập trình viên,,,2,231,,,UIT,
476,Phát triển website hỗ trợ học tiếng Anh,,,2,231,,,UIT,
477,"Phát triển website quản lý tiệm bánh
",,,2,231,,,UIT,
478,Phát triển ứng dụng cho trung tâm tư vấn và phát triển giáo dục,,,2,231,,,UIT,
479,Xây dựng website thương mại điện tử về thực phẩm sạch,,,2,231,,,UIT,
480,Xây dựng website quản lý cửa hàng nước hoa,,,2,231,,,UIT,
481,Phát triển ứng dụng di dộng quản lý cửa hàng bán sách,,,2,231,,,UIT,
482,Xây dựng website bán giày,,,2,231,,,UIT,
483,Phát triển ứng dụng Chat,,,2,231,,,UIT,
484,Xây dựng nền tảng hỗ trợ quản lý công việc,,,2,231,,,UIT,
485,Xây dựng website hỏi đáp cho lập trình viên,,,2,231,,,UIT,
486,Xây dựng website bán quần áo với hệ thống gợi ý,,,2,231,,,UIT,
487,Xây dựng mạng xã hội chia sẻ ảnh và video,,,2,231,,,UIT,
488,Xây dựng website bán đồng hồ và các phụ kiện liên quan,,,2,231,,,UIT,
489,Xây dựng trò chơi cờ vua trên điện thoại,,,2,231,,,UIT,
490,Phát triển website mạng xã hội KreaTe,,,2,231,,,UIT,
491,Xây dựng website hỗ trợ học tiếng Anh thông qua Flashcard,,,2,231,,,UIT,
492,Phát triển website giới thiệu việc làm,,,2,231,,,UIT,
493,Xây dựng website hỗ trợ tư vấn mua laptop,,,2,231,,,UIT,
494,Phát triển website quản lý rạp chiếu phim,,,2,231,,,UIT,
495,Xây dựng hệ thống nhắn tin theo thời gian thực tối ưu cho tải trọng dữ liệu,,,2,231,,,UIT,
496,Phát triển hệ thống quản lý cửa hàng ký gửi quần áo cũ,,,2,231,,,UIT,
497,Xây dựng ứng dụng mobile đặt phòng khách sạn,,,2,231,,,UIT,
498,Website cửa hàng cho thú cưng,,,2,231,,,UIT,
499,Xây dựng Ứng dụng khôi phục hình ảnh,,,2,231,,,UIT,
500,Build a PDF processing app with ML-based characters recognition.,,,2,231,,,UIT,
501,Xây dựng website xem phim online,,,2,231,,,UIT,
502,Xây dựng ứng dụng chia sẻ công thức món ăn,,,2,231,,,UIT,
503,Tìm hiểu về MERN Stack và xây dựng website E-Commerce,,,2,231,,,UIT,
504,Xây dựng Ứng dụng Xử lý Hình ảnh Loại bỏ Logo và Vật thể,,,2,231,,,UIT,
505,Finetuning Large Language Models,,,2,231,,,UIT,
506,Tìm hiểu và xây dựng ứng dụng demo về khử nhiễu hình ảnh,,,2,231,,,UIT,
507,Chatbot hỗ trợ tư vấn bất động sản,,,2,231,,,UIT,
508,Xây dựng Website hỗ trợ gợi ý giảm cân,,,2,231,,,UIT,
509,Xây dựng ứng dụng thu thập và quản lý kết quả khảo sát phục vụ công tác kiểm định,,,2,231,,,UIT,
510,Xây dựng ứng dụng quản lý quy trình thực tập,,,2,231,,,UIT,
511,Xây dựng ứng dụng hỗ trợ viết báo cáo tự đánh giá trong kiểm định chất lượng đào tạo,,,2,231,,,UIT,
512,Xây dựng ứng dụng quản lý quy trình thực hiện khóa luận tốt nghiệp,,,2,231,,,UIT,
513,Xây dựng ứng dụng quản lý tổ chức các hoạt động sinh viên,,,2,231,,,UIT,
514,Xây dựng ứng dụng hỗ trợ lối sống khỏe,,,2,231,,,UIT,
515,Xây dựng ứng dụng quản lý chương trình đào tạo,,,2,231,,,UIT,
516,Thiết kế và hoàn thiện một game hoàn chỉnh bằng công nghệ Unity3D,,,2,231,,,UIT,
517,Phát triển website hỗ trợ học tiếng Anh cho người đi làm,,,2,231,,,UIT,
518,"Xây dựng website quản lý, phân chia công việc đồ án",,,2,231,,,UIT,
519,Xây dựng ứng dụng sách đọc và nghe điện tử kết hợp tính năng gợi ý người dùng,,,2,231,,,UIT,
520,Xây dựng game 3D fpsChess với Unity,,,2,231,,,UIT,
521,Xây dựng ứng dụng E-commerce đa nhà cung cấp cho cửa hàng trực tuyến,,,2,231,,,UIT,
522,Xây dựng ứng dụng quản lý quỹ đầu tư cá nhân ,,,2,231,,,UIT,
523,Phát triển sàn thương mại điện tử cho sản phẩm OCOP dựa trên kiến trúc multi-tenancy và microservice,,,2,231,,,UIT,
524,Phát triển ứng dụng hỗ trợ quản lý quầy thuốc,,,2,231,,,UIT,
525,Xây dựng game 3D Top-down với Unity,,,2,231,,,UIT,
526,Xây dựng ứng dụng hỗ trợ tập luyện và dinh dưỡng,,,2,231,,,UIT,
527,Xây dựng ứng dụng nghe nhạc trực tuyến,,,2,231,,,UIT,
528,Xây dựng ứng dụng thư viện điện tử tích hợp Lucene,,,2,231,,,UIT,
529,Xây dựng ứng dụng di động hỗ trợ dinh dưỡng - tích hợp công nghệ AI để nhận diện món ăn,,,2,231,,,UIT,
530,Xây dựng website bán điện thoại di động tích hợp Chatbot tư vấn,,,2,231,,,UIT,
531,Nghiên cứu và xây dựng hệ thống khuyến nghị việc làm,,,2,231,,,UIT,
532,Hệ thống hỗ trợ quản lý nhóm thể thao ,,,3,231,Công nghệ thông tin,"Kỹ thuật phần mềm, Hệ thống thông tin, Công nghệ thông tin, Thị giác máy tính",HCMUS,
533,Hệ thống đăng ký và tổ chức sự kiện trường Đại học,,,3,231,Công nghệ thông tin,"Kỹ thuật phần mềm, Mạng máy tính và Viễn thông, Hệ thống thông tin, Thị giác máy tính",HCMUS,
534,Ứng dụng luyện thi IELTS cho hệ điều hành Android,,,3,231,Công nghệ thông tin,"Kỹ thuật phần mềm, Khoa học máy tính, Khoa học dữ liệu, Mạng máy tính và Viễn thông",HCMUS,
535,Website dạy lập trình,,,3,231,Công nghệ thông tin,"Hệ thống thông tin, Kỹ thuật phần mềm, Công nghệ tri thức",HCMUS,
536,Xây dựng game giáo dục để học Tiếng Anh cho trẻ em,,,3,231,Công nghệ thông tin,"Hệ thống thông tin, Công nghệ thông tin, Kỹ thuật phần mềm",HCMUS,
537,Xây dựng ứng dụng nhận diện tên thuốc từ đơn thuốc dựa trên các phương pháp OCR,,,3,231,Công nghệ thông tin,"Thị giác máy tính, Kỹ thuật phần mềm, Hệ thống thông tin",HCMUS,
538,Xây dựng ứng dụng quyên góp thực phẩm,,,3,231,Công nghệ thông tin,"Mạng máy tính và Viễn thông, Kỹ thuật phần mềm, Hệ thống thông tin",HCMUS,
539,Viết phần mềm Quản lý bán hàng POS,,,3,231,Công nghệ thông tin,,HCMUS,
540,Hệ thống phê duyệt và phát hành văn thư,,,3,231,Công nghệ thông tin,,HCMUS,
541,Sàn giao dịch việc làm cho sinh viên đại học,,,3,231,Công nghệ thông tin,,HCMUS,
542,Phát triển ứng dụng cho thuê xe và bãi đỗ đa nền tảng với MAUI,,,3,231,Công nghệ thông tin,,HCMUS,
543,Phát triển game 2.5D với lối chơi online và offline lấy cảm hứng từ game pokemon bằng Unity 3D,,,3,231,Công nghệ thông tin,,HCMUS,
544,Tìm hiểu và xây dựng hệ thống IDO dựa trên blockchain,,,3,231,Công nghệ thông tin,,HCMUS,
545,Tìm hiểu và xây dựng ứng dụng game với Unity 3D,,,3,231,Công nghệ thông tin,,HCMUS,
546,Hệ thống hỗ trợ trực quan hóa dữ liệu,,,3,231,Công nghệ thông tin,,HCMUS,
547,Hệ thống ký kết văn bản trực tuyến cho hệ điều hành Android,,,3,231,Công nghệ thông tin,,HCMUS,
548,Thu thập và xếp hạng các điểm quan tâm tại Việt Nam,,,3,231,Công nghệ thông tin,,HCMUS,
549,Ứng dụng gợi ý lịch trình cho người du lịch tự túc,,,3,231,Công nghệ thông tin,,HCMUS,
550,Xây dựng ứng dụng hỗ trợ sinh viên tìm việc,,,3,231,Công nghệ thông tin,,HCMUS,
551,Nhận diện đối tượng bằng transformer,,,3,231,Công nghệ thông tin,,HCMUS,
552,Tối ưu bài toán xác thực giọng nói cho thiết bị di động,,,3,231,Công nghệ thông tin,,HCMUS,
553,Xác thực người nói phụ thuộc từ khoá bằng phương pháp học sâu,,,3,231,Công nghệ thông tin,,HCMUS,
554,Tạo ảnh từ văn bản,,,3,231,Công nghệ thông tin,,HCMUS,
555,Ứng dụng mô hình khuếch tán cho bài toán sinh hình ảnh từ văn bản tiếng Việt,,,3,231,Công nghệ thông tin,,HCMUS,
556,Truy vấn ảnh dựa vào ảnh và câu truy vấn,,,3,231,Công nghệ thông tin,,HCMUS,
557,Phân tích dữ liệu chứng khoán thời gian thực,,,3,231,Công nghệ thông tin,,HCMUS,
558,Áp dụng mạng học sâu cho phát hiện sự kiện trong video bóng đá,,,3,231,Công nghệ thông tin,,HCMUS,
559,Xây dựng hệ phần mềm hỗ trợ theo dõi chăm sóc bệnh nhân từ xa,,,3,231,Công nghệ thông tin,,HCMUS,
560,Dự đoán liên kết trong đồ thị tri thức bằng cách cải tiến và kết hợp mô hình PairRE với các mô hình khác,,,3,231,Công nghệ thông tin,,HCMUS,
561,Dự đoán đoán liên kết trong đồ thị tri thức bằng mô hình kết hợp phương pháp quan hệ đường đi và quan hệ láng giềng,,,3,231,Công nghệ thông tin,,HCMUS,
562,Phát hiện bố cục văn bản dựa trên mô hình Transformer,,,3,231,Công nghệ thông tin,,HCMUS,
563,Phương pháp học không giám sát sử dụng luồng chuẩn hóa 2D cho phân đoạn vùng bất thường trong ảnh chụp,,,3,231,Công nghệ thông tin,,HCMUS,
564,Tìm hiểu về việc ứng dụng NFT trong hệ thống đào tạo tín chỉ và xây dựng ứng dụng thử nghiệm,,,3,231,Công nghệ thông tin,,HCMUS,
565,Dự đoán liên kết trong đồ thị tri thức sử dụng mạng đồ thị chú ý trong không gian số phức,,,3,231,Công nghệ thông tin,,HCMUS,
566,Hệ thống hỗ trợ đăng ký dạy học có tính phí,,,3,231,Công nghệ thông tin,,HCMUS,
567,Mạng học sâu phân đoạn dụng cụ phẫu thuật trong ảnh nội soi,,,3,231,Công nghệ thông tin,,HCMUS,
568,Chuyển đổi sắc thái ảnh trên dữ liệu không ghép cặp sử dụng mạng học sâu,,,3,231,Công nghệ thông tin,,HCMUS,
569,Mô hình nhúng đồ thị tri thức MLP-Mixer dùng để nắm bắt hiệu quả các tương tác thực thể-quan hệ trong bài toán dự đoán liên kết.,,,3,231,Công nghệ thông tin,,HCMUS,
570,Dò tìm khối u trong phổi dùng ảnh được chuyển đổi từ tập CT scan,,,3,231,Công nghệ thông tin,,HCMUS,
571,Triển khai hệ thống giảm sát Pod trong Kubernetes,,,3,231,Công nghệ thông tin,,HCMUS,
572,Xác định sản phẩm trùng nhau trong các trang web thương mại điện tử hỗ trợ so sánh giá tự động ,,,3,231,Công nghệ thông tin,,HCMUS,
573,Kỹ thuật phân đoạn ảnh y khoa thích nghi với miền dữ liệu không gắn nhãn,,,3,231,Công nghệ thông tin,,HCMUS,
574,Nghiên cứu phát triển hệ thống truy xuất nguồn gốc sản phẩm,,,3,231,Công nghệ thông tin,,HCMUS,
575,Xây Dựng Hệ Thống Giảng Dạy Trực Tuyến,,,3,231,Công nghệ thông tin,,HCMUS,
576,Nghiên cứu và xây dựng ứng dụng Quant Trading,,,3,231,Công nghệ thông tin,,HCMUS,
577,Hướng tiếp cận để cải thiện tính mở rộng của Hệ tư vấn dựa trên bộ nhớ,,,3,231,Công nghệ thông tin,,HCMUS,
578,Giải pháp tăng cường cho tương tác di động,,,3,231,Công nghệ thông tin,,HCMUS,
579,Nghiên cứu và áp dụng các phương pháp điều khiển truy cập,,,3,231,Công nghệ thông tin,,HCMUS,
580,Nghiên cứu các thuật toán khai thác đồ thị áp dụng cho bài toán tư vấn khóa học nghề nghiệp,,,3,231,Công nghệ thông tin,,HCMUS,
581,Xây dựng hệ thống chatbot tự động tư vấn tuyển sinh,,,,,,,,
,Tìm hiểu về Mongodb,,,1,221,Hệ thống thông tin quản lý,Hệ thống thông tin quản lý,HUTECH,Hướng nghiên cứu
,Tìm hiểu về Neo4J,,,1,221,Hệ thống thông tin quản lý,Hệ thống thông tin quản lý,HUTECH,Hướng nghiên cứu
,Tìm hiểu về Query plans,,,1,221,Hệ thống thông tin quản lý,Hệ thống thông tin quản lý,HUTECH,Hướng nghiên cứu
,Ứng dụng của machine learning trong gợi ý sản phẩm.,,,1,221,Hệ thống thông tin quản lý,Hệ thống thông tin quản lý,HUTECH,"Gợi ý bán hàng, nhạc, phim"
,"Phân tích thị hiếu khách hàng (nhạc, tiểu thuyết)",,,1,221,Hệ thống thông tin quản lý,Hệ thống thông tin quản lý,HUTECH,Bộ dữ liệu cho sẵn
,Tìm hiểu về quy trình xây dựng và tối ưu hóa website bán hàng thương mại điện tử,,,1,221,Hệ thống thông tin quản lý,Hệ thống thông tin quản lý,HUTECH,Hướng nghiên cứu
,Phân tích yếu tố ảnh hưởng đến hành vi mua hàng/ sử dụng dịch vụ trong Thương mại điện tử.,,,1,221,Hệ thống thông tin quản lý,Hệ thống thông tin quản lý,HUTECH,Hướng nghiên cứu
,Xây dựng công cụ phân tích dữ liệu digital marketing,,,1,221,Hệ thống thông tin quản lý,Hệ thống thông tin quản lý,HUTECH,Hướng nghiên cứu
,Triển khai hệ thống thông tin,,,1,202,Hệ thống thông tin quản lý,Hệ thống thông tin quản lý,HUTECH,Hướng nghiên cứu
,Quản trị dự án hệ thống thông tin,,,1,202,Hệ thống thông tin quản lý,Hệ thống thông tin quản lý,HUTECH,Hướng nghiên cứu
,Nghiên cứu tình huống,,,1,202,Hệ thống thông tin quản lý,Hệ thống thông tin quản lý,HUTECH,Hướng nghiên cứu
,Thiết kế cơ sở dữ liệu cho một trang thương mại điện tử,,,1,202,Hệ thống thông tin quản lý,Hệ thống thông tin quản lý,HUTECH,Đáp ứng được một số yêu cầu
,Tìm hiểu về NoSQL Database,,,1,202,Hệ thống thông tin quản lý,Hệ thống thông tin quản lý,HUTECH,
,Phân tích đặc điểm người dùng dựa trên dữ liệu thu thập được,,,1,202,Hệ thống thông tin quản lý,Hệ thống thông tin quản lý,HUTECH,Bộ dữ liệu cho sẵn
,Phân tích 1 ứng dụng của machine learning trong gợi ý sản phẩm.,,,1,202,Hệ thống thông tin quản lý,Hệ thống thông tin quản lý,HUTECH,"Gợi ý bán hàng, nhạc, phim"
,Phân tích 1 ứng dụng của machine learning trong mạng xã hội.,,,1,202,Hệ thống thông tin quản lý,Hệ thống thông tin quản lý,HUTECH,"Gợi ý kết bạn, treo quảng cáo"
,"Phân tích dữ liệu digital marketing, xây dựng các mô hình dự báo về hành vi khách hàng",,,1,202,Hệ thống thông tin quản lý,Hệ thống thông tin quản lý,HUTECH,Bộ dữ liệu cho sẵn
,Phân tích ảnh hưởng của quảng cáo trực tuyến đến hành vi khách hàng,,,1,202,Hệ thống thông tin quản lý,Hệ thống thông tin quản lý,HUTECH,Bộ dữ liệu cho sẵn
,Phân tách nhóm khách hàng dựa trên tiêu chí,,,1,202,Hệ thống thông tin quản lý,Hệ thống thông tin quản lý,HUTECH,Bộ dữ liệu cho sẵn
,Hệ Thống Thông Tin Quản Trị Nguồn Nhân Lực HRIS,,,1,232,,,HUTECH,Hướng nghiên cứu
,Hệ Thống Thông Tin Quản Trị Tài Chính FMIS,,,1,232,,,HUTECH,Hướng nghiên cứu
,Hệ Thống Thông Tin Quản Trị Chuỗi Cung Ứng SCIS,,,1,232,,,HUTECH,Hướng nghiên cứu
,Hệ Thống Ngân Hàng Lõi Core Banking,,,1,232,,,HUTECH,Hướng nghiên cứu
,Hệ Thống Thông Tin Chứng Khoán Đầu Tư SIS,,,1,232,,,HUTECH,Hướng nghiên cứu
,E-Commerce,,,1,232,,,HUTECH,Hướng nghiên cứu
,E-Business,,,1,232,,,HUTECH,Hướng nghiên cứu
,Tìm hiểu về MongoDB,,,1,232,,,HUTECH,Hướng nghiên cứu
,Tìm hiểu về Elasticsearch,,,1,232,,,HUTECH,Hướng nghiên cứu
,Tìm hiểu về BigData,,,1,232,,,HUTECH,Hướng nghiên cứu
,Tìm hiểu về Data Warehouse,,,1,232,,,HUTECH,Hướng nghiên cứu
,Tìm hiểu phương pháp phân tích tương tác sản phẩm - người dùng,,,1,232,,,HUTECH,Hướng nghiên cứu
,Tìm hiểu một số phương pháp phân tích dữ liệu bằng machine learning,,,1,232,,,HUTECH,Hướng nghiên cứu
,Tìm hiểu về phân tích dữ liệu trong kinh doanh,,,1,232,,,HUTECH,Hướng nghiên cứu
,Xây dựng ứng dụng để quản lý thiết bị thông minh,,,,,,,,
,Ứng dụng AI trong phân tích y học,,,,,,,,
,Dùng website để quản trị nhà máy điện,,,,,,,,
,Lập trình trí tuệ nhân tạo để dự đoán giá nhà,,,,,,,,
,Ứng dụng mô hình LSTM trong dự đoán nhiệt độ và điều khiển máy điều hoà nhiệt độ,,TH1361,,232,,,VLUTE,
,Ứng dụng AIoT trong việc phát hiện và cảnh báo vi phạm khi tham gia giao thông,,TH1361,,232,,,VLUTE,
,Ứng dụng mô hình Yolov5 trong nhân diện và quản lý vật nuôi trong nông trại,,TH1361,,232,,,VLUTE,
,Ứng dụng mô hình YoloV5 điều tiết giao thông,,TH1361,,232,,,VLUTE,
,Ứng dụng AI và IoT trong phân loại hành động con người ...,,TH1361,,232,,,VLUTE,
,Ứng dụng mô hình Mobilenet trong phân loại nông sản,,TH1361,,232,,,VLUTE,
,Ứng dụng mô hình Inception trong vườn cây thông minh,,TH1361,,232,,,VLUTE,
,Ứng dụng mô hình YoloV5 trang trại thông minh,,TH1361,,232,,,VLUTE,
,Ứng dụng mô hình YOLOV8 trong phát hiện ngăn ngừa hỏa hoạn,,TH1361,,232,,,VLUTE,
,Ứng dụng mô hình Facenet và MTCNN trong nhận diện khuôn mặt qua video,,TH1361,,232,,,VLUTE,
,Ứng dụng mô hình Yolo phân loại nông sản,,TH1361,,232,,,VLUTE,
,Ứng dụng mô hình YoloV5 ứng dụng cửa khóa thông minh,,TH1361,,232,,,VLUTE,
,Phát triển hệ thống đa chức năng trong kết nối và điều khiển các thiết bị IOT,,TH1369,,232,,,VLUTE,
,Hệ Thống Vườn Thông Minh,,TH1369,,232,,,VLUTE,
,Nhà thông minh,,TH1369,,232,,,VLUTE,
,Hệ thống nhà thông minh,,TH1369,,232,,,VLUTE,
,Nhà kho thông minh,,TH1369,,232,,,VLUTE,
,"Thùng rác thông minh trong hệ thống trung tâm, thương mại",,TH1369,,232,,,VLUTE,
,Nhà vườn thông minh,,TH1369,,232,,,VLUTE,
,Nông trại thông minh,,TH1369,,232,,,VLUTE,
,Phòng thông minh,,TH1369,,232,,,VLUTE,
,Vườn Thông Minh,,TH1369,,232,,,VLUTE,
,Hệ thống nhà thông minh,,TH1369,,232,,,VLUTE,
,Hệ Thống tưới tiêu thông minh,,TH1369,,232,,,VLUTE,
,Lồng ấp thông minh,,TH1369,,232,,,VLUTE,
,Tự động hoá vườn thanh long ứng dụng công nghệ IOT,,TH1369,,232,,,VLUTE,
,Nông trại thông minh,,TH1369,,232,,,VLUTE,
,Hệ thống vườn thông minh,,TH1369,,232,,,VLUTE,
,Xây dựng ứng dụng hệ thống nhà kính thông minh,,TH1369,,232,,,VLUTE,
,Hệ thống nhà thông minh,,TH1369,,232,,,VLUTE,
,Trang trại bò sữa thông minh,,TH1369,,232,,,VLUTE,
,Hệ thống vườn thông minh,,TH1369,,232,,,VLUTE,
,Nhà thông minh,,TH1369,,232,,,VLUTE,
,Cửa hàng thông minh,,TH1369,,232,,,VLUTE,
,Hệ thống vườn rau thông minh,,TH1369,,232,,,VLUTE,
,Xây dựng mô hình ứng dụng IoT cho nông trại thông minh,,TH1369,,232,,,VLUTE,
,Hệ thống phòng cháy chữa cháy,,TH1369,,232,,,VLUTE,
,Cửa hàng thông minh,,TH1369,,232,,,VLUTE,
,Nhà kho thông minh,,TH1369,,232,,,VLUTE,
,Xây dựng ứng dụng nhà thông minh,,TH1369,,232,,,VLUTE,
,Phát triển hệ thống IOT trong nhà thông minh,,TH1369,,232,,,VLUTE,
,Ứng dụng mạng Wifi trong hệ thống vườn thông minh,,TH1356,,232,,,VLUTE,
,Ứng Dụng ESP-NOW trong Hệ Thống Nhà Thông Minh IoT,,TH1356,,232,,,VLUTE,
,Ứng dụng MQTT trong nông nghiệp,,TH1356,,232,,,VLUTE,
,Tìm hiểu mạng WiFi trong ứng dụng nhà thông minh,,TH1356,,232,,,VLUTE,
,Ứng dụng MQTT trong nhà thông minh,,TH1356,,232,,,VLUTE,
,Tìm hiểu xây dựng hệ thống ESP-NOW trong nhà thông minh,,TH1356,,232,,,VLUTE,
,Ứng dụng mạng GSM trong nhà thông minh,,TH1356,,232,,,VLUTE,
,Ứng dụng Bluetooth trong nhà thông minh,,TH1356,,232,,,VLUTE,
,"Ứng dụng tính năng Bluetooth của esp32 trong điểm danh, chấm công.",,TH1356,,232,,,VLUTE,
,Ứng dụng tính năng Bluetooth của esp32 trong làm khóa thông minh,,TH1356,,232,,,VLUTE,
,Ứng dụng ESP32 và Wi-Fi vào hệ thống vườn thông minh,,TH1356,,232,,,VLUTE,
,Hệ thống quản lý bãi đỗ xe thông minh sử dụng ESP32 và bluetooh,,TH1356,,232,,,VLUTE,
,Ứng dụng MQTT trong nhà thông minh,,TH1356,,232,,,VLUTE,
,Viết web bằng joomla,,,1,232,,,VLUTE,
,Viết web bằng wordpress,,,1,232,,,VLUTE,
,Chatbot tư vấn tuyển sinh,,,1,232,,,VLUTE,
,Xây dựng website tin tức đoàn khoa,,,1,232,,,VLUTE,
,Xây dựng website đăng ký tham gia phong trào,,,1,232,,,VLUTE,
,Xây dựng website điểm danh,,,1,232,,,VLUTE,
,Xây dựng website quản lý đoàn phí,,,1,232,,,VLUTE,
,Xây dựng website quản lý sổ đoàn,,,1,232,,,VLUTE,
,Xây dựng website hỗ trợ học anh văn chuyên ngành,,,1,232,,,VLUTE,
,Xây dựng ứng dụng (website) giới thiệu địa điểm du lịch,,,1,232,,,VLUTE,
,Xây dựng website quản lý tiệm net,,,1,232,,,VLUTE,
,Xây dựng website quản lý karaoke,,,1,232,,,VLUTE,
,Xây dựng website quản lý quán cà phê,,,1,232,,,VLUTE,
,Xây dựng website thi trắc nghiệm,,,1,232,,,VLUTE,
,Xây dựng website bán hàng trực tuyến,,,1,232,,,VLUTE,
,Thiết kế logo đoàn khoa dựa vào kỹ thuật xử lý hình ảnh,,,1,232,,,VLUTE,
,Xây dựng phần mềm nhận diện chữ viết tay,,,1,232,,,VLUTE,
,Xây dựng hệ thống nhận diện ảnh,,,1,232,,,VLUTE,
,Xây dựng hệ thống quản lý điểm công tác xã hội,,,1,232,,,VLUTE,
,Xây dựng hệ thống quản lý việc xét tốt nghiệp,,,1,232,,,VLUTE,
,Xây dựng hệ thống xếp thời khóa biểu cho giảng viên,,,1,232,,,VLUTE,
,Xây dựng hệ thống quản lý phòng thực hành,,,1,232,,,VLUTE,
,Robot điều khiển bằng giọng nói,,,1,232,,,VLUTE,
,Robot điều khiển bằng smartphone,,,1,232,,,VLUTE,
,Lập trình game mini,,,1,232,,,VLUTE,
,Hệ thống bật tắt đèn bằng app,,,1,232,,,VLUTE,
,Hệ thống điều khiển thiết bị từ xa,,,1,232,,,VLUTE,
,Hệ thống điểm danh bằng gương mặt,,,1,232,,,VLUTE,
,Hệ thống điểm danh bằng thẻ,,,1,232,,,VLUTE,
,Hệ thống điểm danh bằng mã QR,,,1,232,,,VLUTE,
,Ứng dụng trí tuệ nhân tạo Phát hiện giới tính và tuổi tác ,,TH1333,,232,,,VLUTE,
,Ứng dụng của trí tuệ nhân tạo trong nhận diện các thiết bị điện tử,,TH1334,,232,,,VLUTE,
,Ứng dụng trí tuệ nhân tạo trong nhận diện phương tiện tham gia giao thông,,TH1335,,232,,,VLUTE,
,Ứng dụng trí tuệ nhân tạo trong nhận diện chữ viết tay,,TH1336,,232,,,VLUTE,
,Ứng dụng trí tuệ nhân tạo vào nhận diện phát hiện đối tượng,,TH1337,,232,,,VLUTE,
,Ứng dụng trí tuệ nhân tạo vào nhận diện bệnh ung thư phổi,,TH1338,,232,,,VLUTE,
,Ứng dụng trí tuệ nhân tạo  trong game puzzle,,TH1339,,232,,,VLUTE,
,Ứng dụng trí tuệ nhân tạo phát hiện khối u não ,,TH1340,,232,,,VLUTE,
,Ứng dụng trí tuệ nhân tạo vào việc phát hiện ung thư da,,TH1341,,232,,,VLUTE,
,Ứng dụng trí tuệ nhân tạo vào trò chơi cờ vua,,TH1342,,232,,,VLUTE,
,Ứng dụng trí tuệ nhân tạo trong nhận dạng biển số xe,,TH1343,,232,,,VLUTE,
,ỨNG DỤNG TRÍ TUỆ NHÂN TẠO TRONG TRONG TRÒ CHƠI CỜ CARO,,TH1344,,232,,,VLUTE,
,ỨNG DỤNG TRÍ TUỆ NHÂN TẠO PHÁT HIỆN BỆNH UNG THƯ VÚ,,TH1345,,232,,,VLUTE,
,Ứng dụng trí tuệ nhân tạo phát hiện ung thư phổi,,TH1346,,232,,,VLUTE,
,Ứng dụng trí tuệ nhân tạo trong phát hiện nguy cơ đột quỵ,,TH1347,,232,,,VLUTE,
,Ứng dụng trí tuệ nhân tạo trong nhận diện khuôn mặt trong điểm danh,,TH1348,,232,,,VLUTE,
,Ung dung trí tuệ nhân tạo trong phát hiện tế bào sốt rét,,TH1349,,232,,,VLUTE,
, Ứng dụng trí tuệ nhân tạo trong phát hiện ung thư não,,TH1350,,232,,,VLUTE,
,"Ứng dụng trí tuệ nhân tạo trong việc phát hiện vi phạm khi tham gia giao thông
(Phân hệ 1: Nhận dạng, phát hiện mũ bảo hộ và biển số)",,TH1351,,232,,,VLUTE,
,Ứng dụng trí tuệ nhân tạo để phát hiện virus COVID-19 và virus thông thường thông qua ảnh chụp X-Quang phổi người,,TH1352,,232,,,VLUTE,
,Ứng dụng trí tuệ nhân tạo phát hiện khối u não,,TH1353,,232,,,VLUTE,
,Ứng dụng trí tuệ nhân tạo trong nhận diện khuôn mặt,,TH1354,,232,,,VLUTE,
,Trí tuệ nhân tạo trong nhận diện gãy xương,,TH1355,,232,,,VLUTE,
,Ứng dụng trí tuệ nhân tạo để phát hiện ung thư não,,TH1356,,232,,,VLUTE,
,Ứng dụng trí tuệ nhân tạo chuẩn đoán bệnh COVID 19,,TH1357,,232,,,VLUTE,
,"Ứng dụng trí tuệ nhân tạo trong quá trình kiểm định chất lượng trái cây
(Phân hệ 1: Nhận dạng và phát hiện chất lượng xoài)",,TH1358,,232,,,VLUTE,
,Phát hiện bệnh trên lá của cây cà chua bằng CNN,,TH1359,,232,,,VLUTE,
,Ứng dụng trí tuệ nhân tạo phát hiện tràng khí màng phổi,,TH1360,,232,,,VLUTE,
,Ứng dụng trí nhân tạo trong trò chơi sokoban,,TH1361,,232,,,VLUTE,
,Ứng dụng trí tuệ nhân tạo dự đoán bệnh thận,,TH1362,,232,,,VLUTE,
,Ứng dụng trí tuệ nhân tạo phát hiện ung đại tràng ,,TH1363,,232,,,VLUTE,
,Ứng dụng trí tuệ nhân tạo vào nhận diện khuôn mặt ,,TH1364,,232,,,VLUTE,
,Ứng dụng trí tuệ nhân tạo phát hiện xuất huyết não,,TH1365,,232,,,VLUTE,
,Ứng dụng trí tuệ nhân tạo trong nhận diện chữ cái viết tay,,TH1366,,232,,,VLUTE,
,"Ứng dụng trí tuệ nhân tạo phát hiện bệnh Covid-19 
dựa trên ảnh chụp CT từ phổi",,TH1367,,232,,,VLUTE,
,Ứng dụng trí tuệ nhân tạo trong việc xây dựng chatbox du lịch thông minh,,TH1368,,232,,,VLUTE,
,Ứng dụng trí tuệ nhân tạo để phân loại tế bào máu,,TH1369,,232,,,VLUTE,
,ỨNG DỤNG TRÍ TUỆ NHÂN TẠO CT PHÁT HIỆN XUẤT HUYẾT ĐẦU,,TH1370,,232,,,VLUTE,
,Ứng dụng Trí Tuệ Nhận Diện Khuôn Mặt,,TH1371,,232,,,VLUTE,
,Ứng dụng trí tuệ nhân tạo tìm đường đi cho máy hút bụi,,TH1372,,232,,,VLUTE,
,Ứng dụng phát hiện ung thư đại tràng,,TH1373,,232,,,VLUTE,
,Nhận diện bàn tay đoán ra kí tự người khuyết tật muốn nói,,TH1374,,232,,,VLUTE,
,Ứng dụng trí tuệ nhân tạo trong phân loại rác tái chế,,TH1375,,232,,,VLUTE,
,Ứng dụng trí tuệ nhân tạo hỗ trợ tập yoga,,TH1376,,232,,,VLUTE,
,Ứng dụng trí tuệ nhân tạo trong nhận dạng biển số xe gắn máy,,TH1377,,232,,,VLUTE,
,Ứng dụng trí tuệ nhân tạo phát hiện và phân loại khối u não ,,TH1378,,232,,,VLUTE,
,Ứng dụng AIOT trong việc ngăn chặn hỏa hoạn trong môi trường nhà ở,,TH1379,,232,,,VLUTE,
,Ứng Dụng Trí tuệ nhân tạo trong phát hiện Covid-19 qua chụp X-quang lồng ngực,,TH1380,,232,,,VLUTE,
,Ứng dụng Trí Tuệ Nhận Diện Khuôn Mặt,,TH1381,,232,,,VLUTE,
,Ứng dụng Trí Tuệ Nhân Tạo Trong Nhận Dạng Và Dự Đoán Một Số Loại Trái Cây,,TH1382,,232,,,VLUTE,
,Ứng Dụng Trí Tuệ Nhân Tạo trong phát hiện tràn khí màn phổi,,TH1383,,232,,,VLUTE,
,Ứng dụng trí tuệ nhân tạo tìm đường trong mê cung,,TH1384,,232,,,VLUTE,
,Ứng dụng trí tuệ nhân tạo phát hiện và phân loại khối u não ,,TH1385,,232,,,VLUTE,
,Ứng dụng trí tuệ nhân tạo trong nhận diện xe máy,,TH1386,,232,,,VLUTE,
,Game cờ caro sử dụng thuật toán cắt tỉa alpha beta,,TH1387,,232,,,VLUTE,
,Ứng dụng trí tuệ nhân tạo trong phân loại khối u não,,TH1388,,232,,,VLUTE,
,Ứng dụng trí tuệ nhân tạo trong hỗ trợ lái xe,,TH1389,,232,,,VLUTE,
,Ứng dụng Blockchain trong quản lý chuỗi cung ứng.,,,,,,,,
,Sử dụng Blockchain để xác thực danh tính kỹ thuật số.,,,,,,,,
,Blockchain và bảo mật dữ liệu y tế.,,,,,,,,
,Hợp đồng thông minh cho hệ thống bầu cử điện tử.,,,,,,,,
,Blockchain trong quản lý tài sản kỹ thuật số.,,,,,,,,
,Ứng dụng Blockchain trong giao dịch bất động sản.,,,,,,,,
,Blockchain và bảo mật dữ liệu IoT.,,,,,,,,
,Hệ thống quản lý học tập sử dụng Blockchain.,,,,,,,,
,Blockchain và bảo mật trong ngân hàng số.,,,,,,,,
,Ứng dụng Blockchain trong quản lý nhân sự.,,,,,,,,
,Phát triển hệ thống thanh toán điện tử sử dụng Blockchain.,,,,,,,,
,Blockchain và bảo mật trong truyền thông xã hội.,,,,,,,,
,Ứng dụng Blockchain trong quản lý quyền sở hữu trí tuệ.,,,,,,,,
,Phát triển hệ thống truy xuất nguồn gốc thực phẩm bằng Blockchain.,,,,,,,,
,Blockchain và bảo mật dữ liệu trong thương mại điện tử.,,,,,,,,
,Ứng dụng Blockchain trong quản lý vé sự kiện.,,,,,,,,
,Phát triển hệ thống quản lý tài chính phi tập trung (DeFi) sử dụng Blockchain.,,,,,,,,
,Ứng dụng Blockchain trong quản lý năng lượng.,,,,,,,,
,Blockchain và bảo mật trong dịch vụ chăm sóc sức khỏe.,,,,,,,,
,Ứng dụng Blockchain trong quản lý dự án xây dựng.,,,,,,,,
,Phát triển hệ thống quản lý tài sản số sử dụng Blockchain.,,,,,,,,
,Ứng dụng Blockchain trong quản lý thông tin bệnh nhân.,,,,,,,,
,Phát triển hệ thống quản lý thuế sử dụng Blockchain.,,,,,,,,
,Ứng dụng Blockchain trong quản lý chuỗi cung ứng dược phẩm.,,,,,,,,
,Blockchain và bảo mật dữ liệu trong dịch vụ tài chính.,,,,,,,,
,Phát triển hệ thống quản lý bầu cử trực tuyến sử dụng Blockchain.,,,,,,,,
,Ứng dụng Blockchain trong quản lý hợp đồng lao động.,,,,,,,,
,Blockchain và bảo mật trong truyền thông kỹ thuật số.,,,,,,,,
,Ứng dụng Blockchain trong quản lý đăng ký học phần.,,,,,,,,
,Phát triển hệ thống quản lý sở hữu bất động sản sử dụng Blockchain.,,,,,,,,
,Ứng dụng Blockchain trong quản lý chất lượng không khí.,,,,,,,,
,Blockchain và bảo mật trong giao dịch tiền mã hóa.,,,,,,,,
,Ứng dụng Blockchain trong quản lý hồ sơ học tập.,,,,,,,,
,Phát triển hệ thống quản lý đất đai sử dụng Blockchain.,,,,,,,,
,Blockchain và bảo mật trong dịch vụ bảo hiểm.,,,,,,,,
,Ứng dụng Blockchain trong quản lý chất lượng nước.,,,,,,,,
,Phát triển hệ thống quản lý giao dịch tài sản số sử dụng Blockchain.,,,,,,,,
,Ứng dụng Blockchain trong quản lý giấy tờ pháp lý.,,,,,,,,
,Blockchain và bảo mật trong dịch vụ vận tải.,,,,,,,,
,Ứng dụng Blockchain trong quản lý thông tin nông nghiệp.,,,,,,,,
,Phát triển hệ thống quản lý bản quyền âm nhạc sử dụng Blockchain.,,,,,,,,
,Ứng dụng Blockchain trong quản lý rác thải.,,,,,,,,
,Blockchain và bảo mật trong dịch vụ y tế.,,,,,,,,
,Ứng dụng Blockchain trong quản lý tài nguyên thiên nhiên.,,,,,,,,
,Phát triển hệ thống quản lý tài chính công sử dụng Blockchain.,,,,,,,,
,Ứng dụng Blockchain trong quản lý thông tin môi trường.,,,,,,,,
,Blockchain và bảo mật trong dịch vụ viễn thông.,,,,,,,,
,Ứng dụng Blockchain trong quản lý quỹ đầu tư.,,,,,,,,
,Phát triển hệ thống quản lý giấy phép kinh doanh sử dụng Blockchain.,,,,,,,,
,Ứng dụng Blockchain trong quản lý tài sản công cộng.,,,,,,,,
,Blockchain và bảo mật trong dịch vụ hậu cần.,,,,,,,,
,Ứng dụng Blockchain trong quản lý tài liệu nghiên cứu.,,,,,,,,
,Phát triển hệ thống quản lý đăng ký bảo hiểm sử dụng Blockchain.,,,,,,,,
,Ứng dụng Blockchain trong quản lý thông tin doanh nghiệp.,,,,,,,,
,Blockchain và bảo mật trong dịch vụ giải trí.,,,,,,,,
,Ứng dụng Blockchain trong quản lý quy trình sản xuất.,,,,,,,,
,Phát triển hệ thống quản lý chứng chỉ học tập sử dụng Blockchain.,,,,,,,,
,Ứng dụng Blockchain trong quản lý tài sản nghệ thuật.,,,,,,,,
,Blockchain và bảo mật trong dịch vụ pháp lý.,,,,,,,,
,Ứng dụng Blockchain trong quản lý hoạt động từ thiện.,,,,,,,,
,Phát triển hệ thống quản lý quyền tác giả sử dụng Blockchain.,,,,,,,,
,Ứng dụng Blockchain trong quản lý dự án nghiên cứu.,,,,,,,,
,Blockchain và bảo mật trong dịch vụ tài chính cá nhân.,,,,,,,,
,Ứng dụng Blockchain trong quản lý thông tin địa lý.,,,,,,,,
,Phát triển hệ thống quản lý đăng ký xe sử dụng Blockchain.,,,,,,,,
,Ứng dụng Blockchain trong quản lý dịch vụ công.,,,,,,,,
,Blockchain và bảo mật trong dịch vụ du lịch.,,,,,,,,
,Ứng dụng Blockchain trong quản lý tài nguyên nước.,,,,,,,,
,Phát triển hệ thống quản lý bảo hành sản phẩm sử dụng Blockchain.,,,,,,,,
,Ứng dụng Blockchain trong quản lý giáo dục.,,,,,,,,
,Blockchain và bảo mật trong dịch vụ hậu cần.,,,,,,,,
,Ứng dụng Blockchain trong quản lý tài sản văn hóa.,,,,,,,,
,Phát triển hệ thống quản lý thông tin nhân viên sử dụng Blockchain.,,,,,,,,
,Ứng dụng Blockchain trong quản lý dịch vụ xã hội.,,,,,,,,
,Blockchain và bảo mật trong dịch vụ khách hàng.,,,,,,,,
,Ứng dụng Blockchain trong quản lý hệ thống thu phí giao thông.,,,,,,,,
,Phát triển hệ thống quản lý tài sản cố định sử dụng Blockchain.,,,,,,,,
,Ứng dụng Blockchain trong quản lý thông tin tài chính doanh nghiệp.,,,,,,,,
,Blockchain và bảo mật trong dịch vụ công nghệ.,,,,,,,,
,Ứng dụng Blockchain trong quản lý hệ thống giám sát an ninh.,,,,,,,,
,Phát triển hệ thống quản lý thông tin nông dân sử dụng Blockchain.,,,,,,,,
,Ứng dụng Blockchain trong quản lý thông tin kỹ thuật.,,,,,,,,
,Blockchain và bảo mật trong dịch vụ truyền thông.,,,,,,,,
,Ứng dụng Blockchain trong quản lý thông tin du lịch.,,,,,,,,
,Phát triển hệ thống quản lý thông tin bảo mật sử dụng Blockchain.,,,,,,,,
,Ứng dụng Blockchain trong quản lý dự án nghiên cứu khoa học.,,,,,,,,
,Blockchain và bảo mật trong dịch vụ tài chính doanh nghiệp.,,,,,,,,
,Ứng dụng Blockchain trong quản lý hệ thống an ninh mạng.,,,,,,,,
,Phát triển hệ thống quản lý thông tin sinh viên sử dụng Blockchain.,,,,,,,,
,Ứng dụng Blockchain trong quản lý dịch vụ văn hóa.,,,,,,,,
,Blockchain và bảo mật trong dịch vụ y tế tư nhân.,,,,,,,,
,Ứng dụng Blockchain trong quản lý hệ thống phân phối năng lượng.,,,,,,,,
,Phát triển hệ thống quản lý tài sản công nghiệp sử dụng Blockchain.,,,,,,,,
,Ứng dụng Blockchain trong quản lý thông tin di sản.,,,,,,,,
,Blockchain và bảo mật trong dịch vụ tư vấn tài chính.,,,,,,,,
,Ứng dụng Blockchain trong quản lý hệ thống chăm sóc khách hàng.,,,,,,,,
,Phát triển hệ thống quản lý thông tin bảo hiểm y tế sử dụng Blockchain.,,,,,,,,
,Ứng dụng Blockchain trong quản lý dịch vụ hưu trí.,,,,,,,,
,Blockchain và bảo mật trong dịch vụ bảo mật thông tin.,,,,,,,,
,Ứng dụng Blockchain trong quản lý tài nguyên thiên nhiên.,,,,,,,,
